{
    "parameters": {
        "kp": 0.5858984770976755,
        "kv": 1.880001336985827,
        "max_force": 97.3215744129749
    },
    "performance": {
        "generations": [
            0,
            1,
            2,
            3,
            4,
            5,
            6,
            7,
            8,
            9,
            10
        ],
        "best_fitness": [
            0.01641874738197036,
            0.014527937074632671,
            0.014527937074632671,
            0.014527937074632671,
            0.015730307996286993,
            0.015786644519950405,
            0.014384016762955542,
            0.014484261846534022,
            0.014281042620131907,
            0.014256625631269183,
            0.014236267978613645
        ],
        "avg_fitness": [
            0.038451624548090216,
            0.03798460526427925,
            0.027265101420061156,
            0.020059254930781933,
            0.020020386558968376,
            0.01794200189949437,
            0.017192899205624855,
            0.0179496911947685,
            0.024489338992056218,
            0.02128105714949035,
            0.021319746442990943
        ],
        "std_fitness": [
            0.011530242517500087,
            0.016211531620820657,
            0.009859962643383974,
            0.0082225298592039,
            0.008170664190600863,
            0.004581459446014293,
            0.004812186300456734,
            0.00622057778881844,
            0.01743898333175856,
            0.010000027248758214,
            0.01239113488772189
        ]
    },
    "config": {
        "population_size": 20,
        "num_generations": 10,
        "crossover_prob": 0.7,
        "mutation_prob": 0.3,
        "timestamp": "2025-04-18T13:39:27.156410"
    }
}